team,player_name,conc_player_name,position,games_played,games_started,minutes_played,goals,accurate_pass_percentage,assists,total_scoring_attempts,on_target_scoring_attempts,total_attacking_assists,tackles,fouls_committed,fouls_suffered,total_offside,yellow_cards,red_cards,accurate_passes,total_passes,crosses,assists_avg_over_90_mins,long_balls,successful_short_passes,turnovers,goals_avg_over_90_mins,penalty_kick_goals,penalty_kick_taken,penalty_kick_percentage,accurate_shooting_percentage,successful_dribble,dribble_percentage,goals_and_assists,tackles,tackles_percentage,interceptions,headed_duel,gk_saves,gk_long_ball_percentage,gk_total_clearance
Orlando Pride,Kerry Abello,KERRYABELLO,DEFENDER,11,11,927,0,81,1,5,3,1,13,9,6,0,2,0,353,435,3,0.1,9,341,171,0,0,0,0,60,12,52,1,13,45,10,5,,,
Seattle Reign,Emeri Adames,EMERIADAMES,FORWARD,11,3,273,1,75,0,8,2,0,3,3,0,0,0,0,59,79,1,0,1,57,64,0.33,0,0,0,25,3,20,1,3,60,3,7,,,
Orlando Pride, Adriana,ADRIANA,FORWARD,9,7,641,1,76,1,14,7,1,2,1,12,3,0,0,151,200,3,0.14,5,143,122,0.14,1,1,100,50,11,41,2,2,50,5,4,,,
San Diego Wave FC,Amirah Ali,AMIRAHALI,FORWARD,5,1,114,0,63,0,3,2,0,2,3,2,0,0,0,17,27,3,0,0,17,34,0,0,0,0,67,1,33,0,2,67,1,2,,,
Orlando Pride,Amanda Allen,AMANDAALLEN,FORWARD,7,,81,0,70,1,0,0,1,3,1,0,0,1,0,21,30,3,1.11,0,21,25,0,0,0,0,0,3,60,1,3,60,0,0,,,
Bay FC,Emmie Allen,EMMIEALLEN,GOALKEEPER,0,,0,0,0,0,0,0,0,0,0,0,0,0,0,0,0,3,0,0,0,0,0,0,0,0,0,0,0,0,0,0,0,0,0,0,0
Houston Dash,Michelle Alozie,MICHELLEALOZIE,FORWARD,10,5,480,0,65,1,9,4,1,3,6,5,7,1,0,62,95,3,0.19,1,60,89,0,0,0,0,44,3,25,1,3,50,2,22,,,
Houston Dash,Emily Alvarado,EMILYALVARADO,GOALKEEPER,0,,0,0,0,0,0,0,0,0,0,0,0,0,0,0,0,3,0,0,0,0,0,0,0,0,0,0,0,0,0,0,0,0,0,0,0
Bay FC,Joelle Anderson,JOELLEANDERSON,MIDFIELDER,11,7,670,1,76,2,8,3,2,18,4,2,0,0,0,273,360,3,0.27,28,245,138,0.13,0,0,0,38,5,50,3,18,75,9,11,,,
Angel City FC,Angelina Anderson,ANGELINAANDERSON,GOALKEEPER,3,3,270,0,87,0,0,0,0,0,0,0,0,0,0,142,164,3,0,27,115,23,0,0,0,0,0,0,0,0,0,0,0,0,17,60,2
Chicago Red Stars,Hannah Anderson,HANNAHANDERSON,DEFENDER,1,,9,0,69,0,0,0,0,0,0,0,0,0,0,9,13,3,0,1,8,4,0,0,0,0,0,0,0,0,0,0,0,0,,,
Houston Dash, Andressa,ANDRESSA,MIDFIELDER,11,5,401,0,73,1,3,2,1,5,16,6,0,1,0,90,123,3,0.22,3,87,63,0,0,0,0,67,5,50,1,5,71,4,9,,,
Orlando Pride, Angelina,ANGELINA,MIDFIELDER,7,7,621,1,80,1,6,2,1,9,4,6,1,0,0,229,286,3,0.14,10,219,105,0.14,0,0,0,33,7,50,2,9,50,4,7,,,
San Diego Wave FC,Kimmi Ascanio,KIMMIASCANIO,MIDFIELDER,5,2,137,0,82,0,0,0,0,2,1,2,0,0,0,47,57,3,0,1,46,25,0,0,0,0,0,1,25,0,2,40,0,3,,,
Seattle Reign,Olivia Athens,OLIVIAATHENS,MIDFIELDER,9,4,321,0,80,0,1,1,0,8,2,3,1,2,0,115,144,3,0,2,113,49,0,0,0,0,100,1,25,0,8,89,0,20,,,
Houston Dash,Madison Ayson,MADISONAYSON,MIDFIELDER,0,,0,0,0,0,0,0,0,0,0,0,0,0,0,0,0,3,0,0,0,0,0,0,0,0,0,0,0,0,0,0,0,0,,,
Houston Dash,Ramona Bachmann,RAMONABACHMANN,FORWARD,6,6,467,1,77,0,3,2,0,11,11,9,2,3,0,141,183,3,0,6,132,97,0.19,0,0,0,67,10,67,1,11,100,2,3,,,
Racing Louisville FC,Jordan Baggett,JORDANBAGGETT,MIDFIELDER,1,1,66,0,88,0,0,0,0,1,1,0,0,0,0,23,26,3,0,1,22,5,0,0,0,0,0,1,100,0,1,100,0,1,,,
Racing Louisville FC,Elexa Bahr,ELEXABAHR,FORWARD,10,10,764,1,79,1,16,5,1,6,2,10,6,0,0,132,168,3,0.12,4,128,86,0.12,0,0,0,31,10,67,2,6,43,5,7,,,
Bay FC,Dorian Bailey,DORIANBAILEY,MIDFIELDER,11,5,490,1,83,0,7,2,0,4,3,3,1,0,0,148,179,3,0,4,143,59,0.18,0,0,0,29,5,50,1,4,33,4,20,,,
Seattle Reign,Bethany Balcer,BETHANYBALCER,FORWARD,10,8,727,4,64,0,13,8,0,6,9,11,6,0,1,145,228,3,0,3,141,122,0.5,1,1,100,62,4,50,4,6,86,2,64,,,
Kansas City Current,Elizabeth Ball,ELIZABETHBALL,DEFENDER,7,6,556,0,75,0,0,0,0,6,2,0,0,0,0,160,212,3,0,14,146,59,0,0,0,0,0,0,0,0,6,67,11,15,,,
Kansas City Current,Stine Ballisager,STINEBALLISAGER,DEFENDER,8,4,366,0,83,0,0,0,0,2,4,1,0,0,0,225,271,3,0,18,207,47,0,0,0,0,0,0,0,0,2,100,3,10,,,
Orlando Pride,Barbra Banda,BARBRABANDA,FORWARD,7,6,515,8,58,2,26,21,2,2,6,10,1,0,0,55,95,3,0.35,2,49,108,1.4,0,0,0,81,13,54,10,2,67,2,9,,,
San Diego Wave FC,Melanie Barcenas,MELANIEBARCENAS,FORWARD,1,,1,0,100,0,0,0,0,0,0,0,0,0,0,4,4,3,0,0,4,2,0,0,0,0,0,0,0,0,0,0,0,0,,,
Seattle Reign,Lauren Barnes,LAURENBARNES,DEFENDER,11,10,882,0,82,0,0,0,0,7,7,4,0,1,0,496,605,3,0,45,451,129,0,0,0,0,0,1,100,0,7,44,12,9,,,
Washington Spirit,Nicole Renee Barnhart,NICOLE RENEEBARNHART,GOALKEEPER,0,,0,0,0,0,0,0,0,0,0,0,0,0,0,0,0,3,0,0,0,0,0,0,0,0,0,0,0,0,0,0,0,0,0,0,0
San Diego Wave FC,Hillary Beall,HILLARYBEALL,GOALKEEPER,0,,0,0,0,0,0,0,0,0,0,0,0,0,0,0,0,3,0,0,0,0,0,0,0,0,0,0,0,0,0,0,0,0,0,0,0
Bay FC,Jennifer Beattie,JENNIFERBEATTIE,DEFENDER,5,3,202,0,87,0,0,0,0,1,1,0,0,0,0,152,175,3,0,11,141,26,0,0,0,0,0,0,0,0,1,50,0,11,,,
Bay FC,Scarlett Becerra,SCARLETTBECERRA,FORWARD,8,8,654,1,66,0,4,2,0,12,13,5,1,2,0,120,182,3,0,5,113,132,0.14,0,0,0,50,9,53,1,12,57,7,17,,,
Portland Thorns,Janine Beckie,JANINEBECKIE,FORWARD,11,7,612,3,70,1,18,10,1,8,1,7,4,0,0,152,218,3,0.15,3,146,134,0.44,0,0,0,56,12,40,4,8,62,5,16,,,
NJ/NY Gotham FC,Maycee Bell,MAYCEEBELL,DEFENDER,5,3,266,0,52,0,1,0,0,9,2,6,0,0,0,43,82,3,0,3,40,58,0,0,0,0,0,1,33,0,9,90,2,13,,,
San Diego Wave FC,Elyse Bennett,ELYSEBENNETT,FORWARD,8,2,211,0,63,1,3,1,1,2,8,4,2,2,0,32,51,3,0.43,0,31,40,0,0,0,0,33,3,75,1,2,40,0,18,,,
NJ/NY Gotham FC,Ann-Katrin Berger,ANN-KATRINBERGER,GOALKEEPER,6,6,540,0,74,0,0,0,0,0,0,3,0,0,0,189,257,3,0,60,129,70,0,0,0,0,0,0,0,0,0,0,0,4,23,48,4
North Carolina Courage,Malia Berkely,MALIABERKELY,DEFENDER,10,10,855,1,91,0,5,2,0,10,1,0,0,0,0,628,688,3,0,37,591,72,0.11,1,3,33,40,0,0,1,10,67,8,21,,,
Utah Royals FC,Hannah Betfort,HANNAHBETFORT,FORWARD,10,9,716,0,88,0,16,4,0,4,6,6,3,1,0,93,106,3,0,1,90,54,0,0,0,0,25,4,40,0,4,80,0,10,,,
Washington Spirit,Croix Bethune,CROIXBETHUNE,MIDFIELDER,11,11,942,4,76,8,13,9,8,15,10,20,3,1,0,235,309,3,0.76,13,220,156,0.38,0,0,0,69,9,23,12,15,75,5,8,,,
NJ/NY Gotham FC,Michelle Betos,MICHELLEBETOS,GOALKEEPER,0,,0,0,0,0,0,0,0,0,0,0,0,0,0,0,0,3,0,0,0,0,0,0,0,0,0,0,0,0,0,0,0,0,0,0,0
Chicago Red Stars,Julia Bianchi,JULIABIANCHI,MIDFIELDER,9,7,575,1,76,0,2,1,0,15,12,7,0,2,0,185,243,3,0,11,173,93,0.16,0,0,0,50,2,17,1,15,62,8,21,,,
Chicago Red Stars,Camryn Biegalski,CAMRYNBIEGALSKI,DEFENDER,1,,13,0,50,0,0,0,0,0,0,0,0,0,0,3,6,3,0,0,3,6,0,0,0,0,0,3,100,0,0,0,0,1,,,
Chicago Red Stars,Jenna Bike,JENNABIKE,FORWARD,11,9,703,1,69,2,9,3,2,7,15,16,3,2,0,129,187,3,0.26,3,121,114,0.13,0,0,0,33,9,43,3,7,70,6,14,,,
Racing Louisville FC,Jordyn Bloomer,JORDYNBLOOMER,GOALKEEPER,0,,0,0,0,0,0,0,0,0,0,0,0,0,0,0,0,3,0,0,0,0,0,0,0,0,0,0,0,0,0,0,0,0,0,0,0
Bay FC,Tess Boade,TESSBOADE,FORWARD,11,10,922,2,84,1,11,9,1,18,13,9,2,1,0,317,377,3,0.1,5,310,132,0.2,0,0,0,82,13,46,3,18,75,8,2,,,
Racing Louisville FC,Ary Borges,ARYBORGES,MIDFIELDER,3,2,125,0,78,0,5,3,0,5,2,2,0,0,0,43,55,3,0,3,40,21,0,0,0,0,60,0,0,0,5,83,2,2,,,
Washington Spirit,Lyza Bosselmann,LYZABOSSELMANN,GOALKEEPER,1,,1,0,100,0,0,0,0,0,0,0,0,0,0,4,4,3,0,1,3,0,0,0,0,0,0,0,0,0,0,0,0,0,0,100,0
North Carolina Courage,Marisa Bova,MARISABOVA,GOALKEEPER,0,,0,0,0,0,0,0,0,0,0,0,0,0,0,0,0,3,0,0,0,0,0,0,0,0,0,0,0,0,0,0,0,0,0,0,0
Kansas City Current,Sophia Braun,SOPHIABRAUN,MIDFIELDER,0,,0,0,0,0,0,0,0,0,0,0,0,0,0,0,0,3,0,0,0,0,0,0,0,0,0,0,0,0,0,0,0,0,,,
Bay FC,Jordan Brewster,JORDANBREWSTER,DEFENDER,1,,9,0,100,0,0,0,0,0,0,0,0,0,0,12,12,3,0,0,12,0,0,0,0,0,0,0,0,0,0,0,0,0,,,
Houston Dash,Belle Briede,BELLEBRIEDE,MIDFIELDER,7,1,161,0,81,0,2,1,0,1,1,2,0,0,0,56,69,3,0,1,55,25,0,0,0,0,50,1,50,0,1,100,2,4,,,
Angel City FC,Messiah Bright,MESSIAHBRIGHT,FORWARD,7,1,163,0,78,0,4,1,0,1,3,0,1,0,0,38,49,3,0,0,38,35,0,0,0,0,25,1,14,0,1,50,1,13,,,
Seattle Reign,Ryanne Brown,RYANNEBROWN,DEFENDER,5,,63,0,68,0,0,0,0,3,1,1,0,0,0,30,44,3,0,3,27,22,0,0,0,0,0,3,100,0,3,100,1,7,,,
Washington Spirit,Courtney Brown,COURTNEYBROWN,MIDFIELDER,10,1,241,0,80,0,1,0,0,5,2,3,0,0,0,64,80,3,0,1,62,42,0,0,0,0,0,2,33,0,5,45,5,5,,,
NJ/NY Gotham FC, Bruninha,BRUNINHA,DEFENDER,10,6,564,0,83,0,2,0,0,7,11,7,0,2,0,171,207,3,0,8,160,97,0,0,0,0,0,3,20,0,7,64,8,7,,,
Utah Royals FC,Zoe Burns,ZOEBURNS,DEFENDER,6,3,328,0,69,0,1,1,0,5,1,4,0,0,0,88,127,3,0,4,83,69,0,0,0,0,100,0,0,0,5,83,8,3,,,
Washington Spirit,Annaïg Butel,ANNAÏGBUTEL,DEFENDER,11,10,945,0,84,0,0,0,0,8,11,3,0,2,0,529,629,3,0,41,488,110,0,0,0,0,0,0,0,0,8,67,16,22,,,
Houston Dash,Jane Campbell,JANECAMPBELL,GOALKEEPER,11,11,990,0,74,0,0,0,0,0,0,1,0,0,0,291,391,3,0,87,204,104,0,0,0,0,0,0,0,0,0,0,0,1,57,48,11
Washington Spirit,Gabrielle Carle,GABRIELLECARLE,DEFENDER,11,11,962,0,74,1,2,0,1,19,7,6,1,0,0,338,459,3,0.09,23,310,206,0,0,0,0,0,6,43,1,19,56,13,16,,,
San Diego Wave FC,Kyra Carusa,KYRACARUSA,FORWARD,10,4,371,2,72,0,10,6,0,2,7,4,6,0,0,79,110,3,0,2,76,71,0.49,0,0,0,60,2,33,2,2,40,0,25,,,
Bay FC,Deyna Castellanos,DEYNACASTELLANOS,MIDFIELDER,11,8,686,2,75,1,21,9,1,9,6,11,0,1,0,211,280,3,0.13,8,201,145,0.26,0,0,0,43,8,57,3,9,75,2,14,,,
Orlando Pride, Celia,CELIA,DEFENDER,3,1,74,0,60,0,0,0,0,3,2,0,0,0,0,24,40,3,0,0,24,21,0,0,0,0,0,0,0,0,3,75,1,0,,,
Kansas City Current,Temwa Chawinga,TEMWACHAWINGA,FORWARD,10,9,814,5,69,4,28,19,4,13,8,7,3,0,0,147,212,3,0.44,3,142,165,0.55,0,0,0,68,14,33,9,13,57,4,16,,,
Racing Louisville FC,Emily Clegg,EMILYCLEGG,FORWARD,0,,0,0,0,0,0,0,0,0,0,0,0,0,0,0,0,3,0,0,0,0,0,0,0,0,0,0,0,0,0,0,0,0,,,
Utah Royals FC,Mikayla Cluff,MIKAYLACLUFF,MIDFIELDER,7,5,394,0,78,0,2,2,0,8,14,9,1,2,0,142,181,3,0,7,135,60,0,0,0,0,100,2,50,0,8,53,6,10,,,
Portland Thorns,Sam Coffey,SAMCOFFEY,MIDFIELDER,11,11,975,2,88,0,3,3,0,19,17,6,1,0,0,523,592,3,0,43,479,122,0.18,0,0,0,100,7,64,2,19,56,14,9,,,
San Diego Wave FC,Danielle Colaprico,DANIELLECOLAPRICO,MIDFIELDER,10,9,778,0,79,0,4,0,0,20,11,16,0,2,0,283,359,3,0,14,268,91,0,0,0,0,0,2,67,0,20,65,14,13,,,
Bay FC,Caroline Conti,CAROLINECONTI,FORWARD,2,1,89,0,60,0,0,0,0,0,0,1,1,0,0,18,30,3,0,0,18,14,0,0,0,0,0,0,0,0,0,0,0,0,,,
Chicago Red Stars,Ava Cook,AVACOOK,FORWARD,3,,95,1,38,0,3,2,0,2,3,1,0,1,0,6,16,3,0,0,6,12,0.95,0,0,0,67,2,50,1,2,67,1,6,,,
Chicago Red Stars,Ally Cook,ALLYCOOK,FORWARD,9,1,187,0,63,1,1,0,1,1,1,2,2,0,0,34,54,3,0.48,0,33,39,0,0,0,0,0,1,20,1,1,20,1,19,,,
Seattle Reign,Alana Cook,ALANACOOK,DEFENDER,7,6,572,0,76,0,1,0,0,4,7,3,0,1,0,271,357,3,0,32,238,98,0,0,0,0,0,0,0,0,4,57,4,9,,,
Kansas City Current,Michelle Cooper,MICHELLECOOPER,FORWARD,7,2,314,1,67,0,7,5,0,5,7,5,0,1,0,57,85,3,0,3,53,53,0.29,0,0,0,71,3,33,1,5,62,2,9,,,
Orlando Pride,McKinley Crone,MCKINLEYCRONE,GOALKEEPER,0,,0,0,0,0,0,0,0,0,0,0,0,0,0,0,0,3,0,0,0,0,0,0,0,0,0,0,0,0,0,0,0,0,0,0,0
Chicago Red Stars,Chardonnay Curran,CHARDONNAYCURRAN,MIDFIELDER,2,,78,0,77,0,2,1,0,0,0,0,0,0,0,23,30,3,0,1,21,17,0,0,0,0,50,0,0,0,0,0,1,3,,,
Angel City FC,Madison Curry,MADISONCURRY,DEFENDER,9,8,689,1,75,0,6,3,0,18,9,8,0,2,0,262,348,3,0,8,253,118,0.13,0,0,0,50,8,80,1,18,64,19,15,,,
Portland Thorns,Izzy D'Aquila,IZZYD'AQUILA,FORWARD,3,,69,1,62,0,4,4,0,2,1,0,0,0,0,15,24,3,0,0,15,14,1.3,0,0,0,100,0,0,1,2,100,0,8,,,
San Diego Wave FC,Abby Dahlkemper,ABBYDAHLKEMPER,DEFENDER,6,5,495,0,85,0,1,1,0,4,2,2,0,0,0,369,433,3,0,28,341,68,0,0,0,0,100,0,0,0,4,50,5,15,,,
NJ/NY Gotham FC,Tierna Davidson,TIERNADAVIDSON,DEFENDER,6,4,344,0,78,0,1,0,0,4,0,6,0,0,0,157,200,3,0,18,139,52,0,0,0,0,0,0,0,0,4,50,4,9,,,
Houston Dash,Bárbara Dávila,BÁRBARADÁVILA,MIDFIELDER,10,6,630,1,77,1,4,3,1,18,16,15,1,2,0,156,203,3,0.14,8,142,119,0.14,0,0,0,75,8,32,2,18,75,6,15,,,
Kansas City Current, Debinha,DEBINHA,MIDFIELDER,6,3,235,1,70,1,5,4,1,4,1,2,0,0,0,60,86,3,0.38,3,56,55,0.38,0,0,0,80,7,50,2,4,50,4,2,,,
Utah Royals FC,Kathryn Del Fava,KATHRYNDEL FAVA,DEFENDER,10,10,900,1,89,0,1,1,0,9,13,9,0,1,0,570,639,3,0,48,522,75,0.1,0,0,0,100,1,100,1,9,69,15,24,,,
Racing Louisville FC,Savannah DeMelo,SAVANNAHDEMELO,MIDFIELDER,7,7,613,4,76,0,14,9,0,7,19,35,0,3,0,142,186,3,0,3,137,121,0.59,1,2,50,64,6,33,4,7,50,2,4,,,
Portland Thorns,Ana Dias,ANADIAS,FORWARD,7,1,128,1,63,0,5,1,0,1,5,3,2,1,0,12,19,3,0,0,12,19,0.7,0,0,0,20,1,17,1,1,100,0,13,,,
Kansas City Current,Vanessa DiBernardo,VANESSADIBERNARDO,MIDFIELDER,10,10,671,3,72,5,12,4,5,12,11,5,0,1,0,181,252,3,0.67,8,166,140,0.4,0,0,0,33,3,43,8,12,71,3,4,,,
Seattle Reign,Claudia Dickey,CLAUDIADICKEY,GOALKEEPER,4,4,330,0,80,0,0,0,0,0,0,1,0,0,0,94,117,3,0,15,79,24,0,0,0,0,0,0,0,0,0,0,0,0,10,39,4
Racing Louisville FC,Marisa DiGrande,MARISADIGRANDE,MIDFIELDER,7,4,448,0,85,1,2,1,1,3,1,2,0,0,0,198,232,3,0.2,13,185,50,0,0,0,0,50,7,100,1,3,50,3,3,,,
Bay FC,Maya Doms,MAYADOMS,MIDFIELDER,1,,14,0,64,0,1,0,0,0,0,0,0,0,0,7,11,3,0,0,7,5,0,0,0,0,0,0,0,0,0,0,0,2,,,
San Diego Wave FC,Makenzy Doniak,MAKENZYDONIAK,FORWARD,8,5,413,2,78,0,6,5,0,4,1,5,1,0,0,105,135,3,0,4,99,51,0.44,0,0,0,83,2,50,2,4,80,2,11,,,
Utah Royals FC,Imani Dorsey,IMANIDORSEY,DEFENDER,2,2,135,0,76,0,0,0,0,0,1,3,0,0,0,54,71,3,0,3,51,22,0,0,0,0,0,1,100,0,0,0,0,5,,,
North Carolina Courage,Julia Dorsey,JULIADORSEY,DEFENDER,0,,0,0,0,0,0,0,0,0,0,0,0,0,0,0,0,3,0,0,0,0,0,0,0,0,0,0,0,0,0,0,0,0,,,
Angel City FC,Megan Dougherty Howard,MEGANDOUGHERTY HOWARD,MIDFIELDER,6,5,414,0,77,0,10,7,0,6,6,11,0,0,0,133,173,3,0,4,129,58,0,0,0,0,70,3,100,0,6,75,4,4,,,
Orlando Pride,Julie Doyle,JULIEDOYLE,MIDFIELDER,11,9,658,1,79,1,11,5,1,7,7,10,0,1,0,152,193,3,0.14,5,144,96,0.14,0,0,0,45,6,50,2,7,64,1,16,,,
Orlando Pride,Evelina Duljan,EVELINADULJAN,DEFENDER,0,,0,0,0,0,0,0,0,0,0,0,0,0,0,0,0,3,0,0,0,0,0,0,0,0,0,0,0,0,0,0,0,0,,,
NJ/NY Gotham FC,Crystal Dunn,CRYSTALDUNN,MIDFIELDER,10,4,446,0,78,0,6,3,0,12,5,8,3,1,0,120,153,3,0,0,116,88,0,0,0,0,50,4,57,0,12,71,4,13,,,
Bay FC,Caprice Dydasco,CAPRICEDYDASCO,DEFENDER,10,9,833,0,83,0,1,0,0,14,7,2,0,0,0,371,446,3,0,15,349,144,0,0,0,0,0,15,62,0,14,64,18,17,,,
Orlando Pride,Cori Dyke,CORIDYKE,MIDFIELDER,6,,133,0,71,0,0,0,0,2,0,0,0,0,0,35,49,3,0,0,35,21,0,0,0,0,0,0,0,0,2,100,1,2,,,
Angel City FC,Elizabeth Eddy,ELIZABETHEDDY,DEFENDER,0,,0,0,0,0,0,0,0,0,0,0,0,0,0,0,0,3,0,0,0,0,0,0,0,0,0,0,0,0,0,0,0,0,,,
NJ/NY Gotham FC,Kristen Edmonds,KRISTENEDMONDS,DEFENDER,0,,0,0,0,0,0,0,0,0,0,0,0,0,0,0,0,3,0,0,0,0,0,0,0,0,0,0,0,0,0,0,0,0,,,
Angel City FC,Claire Emslie,CLAIREEMSLIE,FORWARD,10,10,796,5,77,2,11,10,2,6,9,14,1,2,0,142,185,3,0.23,6,128,184,0.57,2,2,100,91,7,26,7,6,67,3,10,,,
San Diego Wave FC,Sierra Enge,SIERRAENGE,DEFENDER,1,1,90,0,70,0,0,0,0,0,0,0,0,0,0,23,33,3,0,3,20,11,0,0,0,0,0,0,0,0,0,0,0,1,,,
Racing Louisville FC,Abby Erceg,ABBYERCEG,DEFENDER,10,10,900,0,89,1,2,1,1,7,2,1,1,0,0,445,502,3,0.1,22,423,81,0,0,0,0,50,0,0,1,7,47,6,15,,,
NJ/NY Gotham FC,Sinead Farrelly,SINEADFARRELLY,MIDFIELDER,1,,1,0,78,0,0,0,0,0,1,0,0,0,0,7,9,3,0,0,7,3,0,0,0,0,0,1,100,0,0,0,0,0,,,
Kansas City Current,Bayley Feist,BAYLEYFEIST,MIDFIELDER,6,5,389,1,75,0,10,4,0,10,6,4,0,0,0,138,183,3,0,6,131,66,0.23,0,0,0,40,9,90,1,10,53,5,13,,,
Racing Louisville FC,Kayla Fischer,KAYLAFISCHER,MIDFIELDER,10,6,508,0,72,0,7,4,0,13,26,21,3,5,0,93,130,3,0,7,84,106,0,0,0,0,57,19,56,0,13,68,8,8,,,
Seattle Reign,Jess Fishlock,JESSFISHLOCK,MIDFIELDER,10,9,822,0,76,3,7,4,3,9,7,16,1,0,0,276,363,3,0.33,10,264,127,0,0,0,0,57,6,55,3,9,56,10,15,,,
Portland Thorns,Jessie Fleming,JESSIEFLEMING,MIDFIELDER,10,8,597,0,82,1,6,2,1,13,8,4,1,1,0,218,265,3,0.15,7,211,76,0,0,0,0,33,5,36,1,13,48,4,11,,,
Racing Louisville FC,Taylor Flint,TAYLORFLINT,MIDFIELDER,10,10,900,0,68,0,13,6,0,30,19,12,2,2,0,324,480,3,0,19,305,184,0,0,0,0,46,9,69,0,30,58,39,57,,,
Utah Royals FC,Lauren Flynn,LAURENFLYNN,DEFENDER,6,6,540,0,78,0,1,0,0,10,11,8,0,2,0,242,312,3,0,19,223,74,0,0,0,0,0,3,100,0,10,43,13,9,,,
Utah Royals FC,Dana Foederer,DANAFOEDERER,MIDFIELDER,8,8,701,1,74,1,5,3,1,10,10,4,1,3,0,142,192,3,0.13,6,136,81,0.13,0,0,0,60,1,14,2,10,56,4,15,,,
Kansas City Current,AD Franch,ADFRANCH,GOALKEEPER,10,10,900,0,78,0,0,0,0,0,0,0,0,0,0,104,134,3,0,21,83,32,0,0,0,0,0,0,0,0,0,0,0,3,29,41,13
Chicago Red Stars,Bea Franklin,BEAFRANKLIN,MIDFIELDER,3,,15,0,77,0,0,0,0,2,2,0,0,0,0,17,22,3,0,0,17,6,0,0,0,0,0,0,0,0,2,67,0,6,,,
NJ/NY Gotham FC,Mandy Freeman,MANDYFREEMAN,DEFENDER,1,,1,0,0,0,0,0,0,0,0,0,0,0,0,0,0,3,0,0,0,0,0,0,0,0,0,0,0,0,0,0,0,0,,,
Angel City FC,Kennedy Fuller,KENNEDYFULLER,MIDFIELDER,8,5,502,0,69,0,4,2,0,2,6,15,1,1,0,72,105,3,0,0,71,57,0,0,0,0,50,4,50,0,2,40,4,9,,,
Orlando Pride,Morgan Gautrat,MORGANGAUTRAT,MIDFIELDER,7,6,482,0,89,0,3,1,0,6,6,2,0,2,0,244,274,3,0,7,236,46,0,0,0,0,33,1,20,0,6,55,9,12,,,
San Diego Wave FC,Naomi Girma,NAOMIGIRMA,DEFENDER,6,6,463,0,92,0,0,0,0,6,1,1,0,0,0,380,412,3,0,27,352,36,0,0,0,0,0,0,0,0,6,75,0,11,,,
Racing Louisville FC,Parker Goins,PARKERGOINS,FORWARD,5,,53,0,59,0,0,0,0,2,0,0,1,0,0,16,27,3,0,0,16,16,0,0,0,0,0,1,50,0,2,100,0,3,,,
Chicago Red Stars,Nádia Gomes,NÁDIAGOMES,FORWARD,5,3,177,0,64,0,1,0,0,7,1,3,0,0,0,16,25,3,0,0,16,31,0,0,0,0,0,3,50,0,7,78,2,7,,,
NJ/NY Gotham FC,Esther González,ESTHERGONZÁLEZ,FORWARD,10,10,829,2,81,2,15,8,2,1,11,7,5,1,0,216,267,3,0.22,4,211,116,0.22,0,0,0,53,10,59,4,1,25,5,32,,,
Angel City FC,Sarah Gorden,SARAHGORDEN,DEFENDER,9,9,735,0,84,0,0,0,0,10,5,12,0,0,0,477,571,3,0,29,448,119,0,0,0,0,0,2,40,0,10,77,9,12,,,
Utah Royals FC,Emily Gray,EMILYGRAY,MIDFIELDER,2,,2,0,67,0,0,0,0,1,1,0,0,0,0,2,3,3,0,0,2,2,0,0,0,0,0,0,0,0,1,100,0,0,,,
Chicago Red Stars,Sarah Griffith,SARAHGRIFFITH,FORWARD,4,1,59,0,89,0,0,0,0,0,3,1,0,0,0,17,19,3,0,0,17,9,0,0,0,0,0,3,50,0,0,0,0,1,,,
Utah Royals FC,Olivia Griffitts,OLIVIAGRIFFITTS,DEFENDER,7,7,567,1,76,0,1,1,0,11,10,3,0,1,0,201,265,3,0,14,186,124,0.16,0,0,0,100,5,33,1,11,61,16,7,,,
Chicago Red Stars,Shea Groom,SHEAGROOM,MIDFIELDER,5,,107,0,63,0,2,1,0,2,4,1,0,0,0,17,27,3,0,1,15,20,0,0,0,0,50,0,0,0,2,40,2,8,,,
Kansas City Current,Kristen Hamilton,KRISTENHAMILTON,FORWARD,2,,74,1,86,0,1,1,0,0,0,1,0,0,0,12,14,3,0,0,11,6,1.22,0,0,0,100,1,100,1,0,0,0,1,,,
Angel City FC,Madison Hammond,MADISONHAMMOND,DEFENDER,8,3,276,0,78,0,1,0,0,2,6,1,0,2,0,115,148,3,0,7,108,49,0,0,0,0,0,2,100,0,2,100,4,6,,,
Angel City FC,Didi Haračić,DIDIHARAČIĆ,GOALKEEPER,7,7,630,0,84,0,0,0,0,0,0,1,0,0,0,301,357,3,0,43,258,57,0,0,0,0,0,0,0,0,0,0,0,2,24,48,4
Houston Dash,Jyllissa Harris,JYLLISSAHARRIS,DEFENDER,2,1,96,0,77,0,1,1,0,0,1,0,0,0,0,43,56,3,0,3,40,14,0,0,0,0,100,0,0,0,0,0,0,2,,,
Washington Spirit,Ashley Hatch,ASHLEYHATCH,FORWARD,10,7,627,2,72,1,14,6,1,7,6,4,2,0,0,131,181,3,0.14,2,129,97,0.29,1,1,100,43,2,33,3,7,70,3,24,,,
Utah Royals FC,Mandy Haught,MANDYHAUGHT,GOALKEEPER,9,9,810,0,82,0,0,0,0,0,0,1,0,1,0,428,520,3,0,72,356,95,0,0,0,0,0,2,100,0,0,0,0,3,23,47,5
Washington Spirit,Anna Heilferty,ANNAHEILFERTY,DEFENDER,2,,70,0,80,0,0,0,0,0,0,0,0,0,0,28,35,3,0,0,28,15,0,0,0,0,0,1,33,0,0,0,2,1,,,
Angel City FC,Amandine Henry,AMANDINEHENRY,MIDFIELDER,18,16,1426,0,72,0,26,8,0,26,24,22,2,6,0,524,724,3,0,42,482,262,0,0,0,0,31,4,40,0,26,76,24,78,,,
Washington Spirit,Hal Hershfelt,HALHERSHFELT,MIDFIELDER,11,10,938,2,80,0,8,4,0,13,14,10,0,2,0,415,516,3,0,35,380,146,0.19,0,0,0,50,11,65,2,13,62,6,24,,,
NJ/NY Gotham FC,Sam Hiatt,SAMHIATT,DEFENDER,10,9,775,0,74,0,1,0,0,6,5,6,0,0,0,300,405,3,0,21,279,115,0,0,0,0,0,1,100,0,6,60,16,38,,,
Bay FC,Rachel Hill,RACHELHILL,FORWARD,3,,52,0,88,0,0,0,0,4,0,0,0,0,0,15,17,3,0,0,14,10,0,0,0,0,0,0,0,0,4,80,0,1,,,
Houston Dash,Heather Hinz,HEATHERHINZ,GOALKEEPER,0,,0,0,0,0,0,0,0,0,0,0,0,0,0,0,0,3,0,0,0,0,0,0,0,0,0,0,0,0,0,0,0,0,0,0,0
Houston Dash,Sophie Hirst,SOPHIEHIRST,MIDFIELDER,7,3,285,0,76,0,1,0,0,2,1,0,0,0,0,88,116,3,0,2,86,36,0,0,0,0,0,0,0,0,2,33,1,6,,,
Chicago Red Stars,Penelope Hocking,PENELOPEHOCKING,FORWARD,9,8,678,3,58,0,12,6,0,10,14,6,3,4,0,69,119,3,0,3,65,106,0.4,0,0,0,50,6,33,3,10,56,4,16,,,
Portland Thorns,Shelby Hogan,SHELBYHOGAN,GOALKEEPER,11,11,990,0,58,0,0,0,0,0,0,1,0,0,0,161,280,3,0,64,97,120,0,0,0,0,0,0,0,0,0,0,0,0,32,36,8
Seattle Reign,Shae Holmes,SHAEHOLMES,DEFENDER,5,3,315,0,79,0,3,1,0,3,0,0,0,0,0,169,214,3,0,16,153,55,0,0,0,0,33,1,100,0,3,60,1,5,,,
North Carolina Courage,Haley Hopkins,HALEYHOPKINS,FORWARD,11,9,749,2,65,0,15,4,0,4,10,12,5,1,0,165,254,3,0,3,160,163,0.24,0,0,0,27,10,45,2,4,57,2,35,,,
Racing Louisville FC,Jaelin Howell,JAELINHOWELL,MIDFIELDER,6,5,410,0,83,0,1,0,0,11,9,8,0,2,0,146,176,3,0,6,140,33,0,0,0,0,0,0,0,0,11,58,8,6,,,
Portland Thorns,Kelli Hubly,KELLIHUBLY,DEFENDER,8,7,661,0,85,1,2,0,1,10,10,2,0,3,0,346,407,3,0.14,29,317,67,0,0,0,0,0,1,50,1,10,71,15,11,,,
Seattle Reign,Sofia Huerta,SOFIAHUERTA,DEFENDER,11,11,990,0,80,0,3,1,0,6,10,10,1,3,0,376,469,3,0,27,342,179,0,0,0,0,33,8,57,0,6,33,17,8,,,
Seattle Reign,Jordyn Huitema,JORDYNHUITEMA,FORWARD,4,3,290,0,71,0,6,1,0,4,3,5,1,0,0,42,59,3,0,0,41,44,0,0,0,0,17,0,0,0,4,57,0,21,,,
Kansas City Current,Claire Hutton,CLAIREHUTTON,MIDFIELDER,10,10,885,0,75,0,10,6,0,30,10,11,1,2,0,296,394,3,0,15,281,137,0,0,0,0,60,8,42,0,30,75,15,28,,,
Seattle Reign,Laurel Ivory,LAURELIVORY,GOALKEEPER,8,7,660,0,76,0,0,0,0,0,1,2,0,1,0,205,270,3,0,55,150,65,0,0,0,0,0,0,0,0,0,0,0,4,28,47,4
North Carolina Courage,Riley Jackson,RILEYJACKSON,MIDFIELDER,10,,92,0,83,0,0,0,0,5,2,1,0,0,0,85,102,3,0,1,84,33,0,0,0,0,0,2,40,0,5,62,0,2,,,
Houston Dash,Natalie Jacobs,NATALIEJACOBS,DEFENDER,7,6,514,1,85,0,1,1,0,4,5,6,0,0,0,181,212,3,0,16,165,38,0.18,0,0,0,100,0,0,1,4,100,7,10,,,
San Diego Wave FC,Sofia Jakobsson,SOFIAJAKOBSSON,FORWARD,6,4,388,1,80,0,6,3,0,10,6,3,2,0,0,64,80,3,0,1,58,68,0.23,0,0,0,50,7,50,1,10,91,2,5,,,
Seattle Reign,Angharad James,ANGHARADJAMES,MIDFIELDER,9,9,657,1,77,0,5,3,0,16,8,0,1,1,0,204,264,3,0,10,194,75,0.14,0,0,0,60,1,50,1,16,76,8,6,,,
Racing Louisville FC,Elisabeth Jean,ELISABETHJEAN,DEFENDER,1,,18,0,75,0,0,0,0,0,0,0,0,0,0,6,8,3,0,0,6,3,0,0,0,0,0,0,0,0,0,0,0,0,,,
Angel City FC,Katie Johnson,KATIEJOHNSON,FORWARD,5,,85,0,74,0,0,0,0,1,5,2,1,1,0,26,35,3,0,1,22,20,0,0,0,0,0,0,0,0,1,100,0,7,,,
San Diego Wave FC,Mya Jones,MYAJONES,FORWARD,6,5,306,0,69,0,4,3,0,5,3,5,0,0,0,45,65,3,0,0,43,61,0,0,0,0,75,3,23,0,5,62,5,9,,,
Chicago Red Stars,Jameese Joseph,JAMEESEJOSEPH,MIDFIELDER,8,2,299,0,73,1,1,0,1,9,5,4,1,0,0,41,56,3,0.3,0,41,57,0,0,0,0,0,1,10,1,9,69,0,9,,,
Racing Louisville FC,Uchenna Kanu,UCHENNAKANU,FORWARD,8,7,522,4,76,0,10,4,0,14,11,9,1,1,0,113,149,3,0,4,106,86,0.69,0,0,0,40,9,36,4,14,70,13,9,,,
Orlando Pride,Alex Kerr,ALEXKERR,FORWARD,0,,0,0,0,0,0,0,0,0,0,0,0,0,0,0,0,3,0,0,0,0,0,0,0,0,0,0,0,0,0,0,0,0,,,
Seattle Reign,Tziarra King,TZIARRAKING,FORWARD,8,5,369,1,69,0,10,6,0,5,8,7,2,0,1,64,93,3,0,1,59,60,0.24,0,0,0,60,3,33,1,5,71,3,13,,,
Bay FC,Savy King,SAVYKING,DEFENDER,11,9,798,0,76,1,0,0,1,16,6,5,1,0,0,283,372,3,0.11,11,267,155,0,0,0,0,0,3,38,1,16,59,17,15,,,
Washington Spirit,Aubrey Kingsbury,AUBREYKINGSBURY,GOALKEEPER,11,11,989,0,77,0,0,0,0,0,1,1,0,0,1,265,342,3,0,49,216,81,0,0,0,0,0,0,0,0,0,0,0,1,30,39,6
Houston Dash,CeCe Kizer,CECEKIZER,FORWARD,5,3,216,0,76,0,0,0,0,3,1,0,0,0,0,48,63,3,0,0,47,34,0,0,0,0,0,2,29,0,3,43,1,1,,,
Portland Thorns,Meghan Klingenberg,MEGHANKLINGENBERG,DEFENDER,7,1,140,0,83,1,1,0,1,3,2,1,0,0,0,82,99,3,0.64,5,75,31,0,0,0,0,0,1,50,1,3,75,2,5,,,
Portland Thorns,Lauren Kozal,LAURENKOZAL,GOALKEEPER,0,,0,0,0,0,0,0,0,0,0,0,0,0,0,0,0,3,0,0,0,0,0,0,0,0,0,0,0,0,0,0,0,0,0,0,0
Washington Spirit,Casey Krueger,CASEYKRUEGER,DEFENDER,10,9,776,1,71,2,2,1,2,11,8,7,1,1,0,206,291,3,0.23,11,195,153,0.12,0,0,0,50,8,44,3,11,79,8,17,,,
Chicago Red Stars,Natalia Kuikka,NATALIAKUIKKA,DEFENDER,11,11,990,0,83,0,4,1,0,8,2,7,0,1,0,425,512,3,0,47,378,108,0,0,0,0,25,3,60,0,8,57,11,18,,,
Bay FC,Racheal Kundananji,RACHEALKUNDANANJI,FORWARD,8,7,658,2,52,1,12,6,1,10,16,12,1,3,0,79,152,3,0.14,7,69,184,0.27,0,0,0,50,20,43,3,10,59,5,23,,,
North Carolina Courage,Kaleigh Kurtz,KALEIGHKURTZ,DEFENDER,11,11,990,1,84,0,7,2,0,11,7,6,0,2,0,709,847,3,0,46,663,170,0.09,0,0,0,29,6,75,1,11,69,10,28,,,
Kansas City Current,Lo’eau LaBonta,LO’EAULABONTA,MIDFIELDER,8,5,525,2,72,0,8,3,0,13,8,11,0,0,0,169,235,3,0,13,156,81,0.34,2,2,100,38,2,67,2,13,68,12,12,,,
Orlando Pride,Mariana Larroquette,MARIANALARROQUETTE,FORWARD,3,,28,0,44,0,0,0,0,4,1,2,1,0,0,7,16,3,0,0,7,16,0,0,0,0,0,1,100,0,4,67,0,2,,,
Seattle Reign,Veronica Latsko,VERONICALATSKO,FORWARD,8,5,477,2,66,0,8,3,0,2,3,14,4,0,0,95,145,3,0,5,90,84,0.38,0,0,0,38,10,67,2,2,29,2,26,,,
Kansas City Current, Lauren,LAUREN,DEFENDER,0,,0,0,0,0,0,0,0,0,0,0,0,0,0,0,0,3,0,0,0,0,0,0,0,0,0,0,0,0,0,0,0,0,,,
NJ/NY Gotham FC,Rose Lavelle,ROSELAVELLE,MIDFIELDER,6,2,242,1,82,0,6,3,0,2,4,2,0,1,0,75,92,3,0,1,74,43,0.37,0,0,0,50,3,33,1,2,67,2,8,,,
Kansas City Current,Claire Lavogez,CLAIRELAVOGEZ,MIDFIELDER,10,2,312,2,66,0,14,8,0,6,10,11,3,2,0,82,124,3,0,3,78,98,0.58,0,0,0,57,4,33,2,6,60,1,12,,,
Orlando Pride,Carrie Lawrence,CARRIELAWRENCE,DEFENDER,3,,36,0,50,1,0,0,1,2,1,1,0,1,0,6,12,3,2.5,0,6,10,0,0,0,0,0,0,0,1,2,100,0,2,,,
Angel City FC,Clarisse Le Bihan,CLARISSELE BIHAN,MIDFIELDER,5,3,250,0,78,0,2,1,0,2,2,3,0,1,0,101,129,3,0,1,98,52,0,0,0,0,50,4,80,0,2,29,4,8,,,
Orlando Pride,Ally Lemos,ALLYLEMOS,MIDFIELDER,9,2,237,0,77,0,1,0,0,6,4,2,0,1,0,80,104,3,0,8,71,43,0,0,0,0,0,0,0,0,6,60,1,11,,,
Angel City FC,Sydney Leroux,SYDNEYLEROUX,FORWARD,9,9,742,3,65,0,9,5,0,4,5,9,7,0,0,106,163,3,0,0,105,85,0.36,0,0,0,56,1,25,3,4,67,3,57,,,
Seattle Reign,Julia Lester,JULIALESTER,DEFENDER,0,,0,0,0,0,0,0,0,0,0,0,0,0,0,0,0,3,0,0,0,0,0,0,0,0,0,0,0,0,0,0,0,0,,,
Portland Thorns,Payton Linnehan,PAYTONLINNEHAN,FORWARD,7,1,221,2,72,1,9,8,1,6,5,2,3,2,0,49,68,3,0.41,0,48,52,0.81,0,0,0,89,5,50,3,6,60,2,4,,,
Bay FC,Alexis Loera,ALEXISLOERA,MIDFIELDER,4,4,296,1,77,0,2,1,0,6,7,6,0,1,0,123,160,3,0,7,116,45,0.3,0,0,0,50,2,67,1,6,60,3,5,,,
NJ/NY Gotham FC,Maitane López,MAITANELÓPEZ,MIDFIELDER,7,2,225,0,74,0,0,0,0,6,4,0,0,2,0,110,148,3,0,7,103,43,0,0,0,0,0,0,0,0,6,75,8,14,,,
Orlando Pride, Luana,LUANA,MIDFIELDER,3,2,192,0,81,0,0,0,0,2,5,6,0,2,0,60,74,3,0,2,57,22,0,0,0,0,0,1,50,0,2,50,3,4,,,
Racing Louisville FC,Katie Lund,KATIELUND,GOALKEEPER,10,10,900,0,74,0,0,0,0,0,0,0,0,0,0,203,273,3,0,57,146,71,0,0,0,0,0,0,0,0,0,0,0,0,30,46,8
San Diego Wave FC,Hanna Lundkvist,HANNALUNDKVIST,DEFENDER,10,9,774,1,76,0,4,2,0,19,14,12,0,3,0,266,348,3,0,5,258,173,0.12,0,0,0,50,2,14,1,19,73,8,20,,,
North Carolina Courage,Tyler Lussi,TYLERLUSSI,FORWARD,11,9,732,3,64,1,19,6,1,9,9,4,6,0,0,146,227,3,0.12,0,143,143,0.37,0,0,0,32,3,23,4,9,82,13,17,,,
Kansas City Current,Hailie Mace,HAILIEMACE,MIDFIELDER,8,5,484,0,79,0,3,2,0,12,3,2,0,1,0,190,242,3,0,25,160,106,0,0,0,0,67,9,56,0,12,63,14,5,,,
Chicago Red Stars,Taylor Malham,TAYLORMALHAM,MIDFIELDER,8,7,605,0,69,1,1,1,1,6,4,1,0,1,0,108,157,3,0.15,5,101,92,0,0,0,0,100,5,56,1,6,86,13,13,,,
Bay FC,Alyssa Malonson,ALYSSAMALONSON,DEFENDER,8,3,272,0,77,0,3,0,0,7,2,4,0,1,0,112,145,3,0,2,109,61,0,0,0,0,0,4,67,0,7,50,4,6,,,
Bay FC,Princess Marfo,PRINCESSMARFO,FORWARD,6,2,195,0,82,0,7,3,0,4,12,3,4,1,0,41,50,3,0,0,41,37,0,0,0,0,43,4,33,0,4,100,1,9,,,
Orlando Pride, Marta,MARTA,FORWARD,8,6,566,2,85,0,15,5,0,4,5,12,0,2,0,218,257,3,0,18,197,112,0.32,0,0,0,33,13,57,2,4,57,3,8,,,
NJ/NY Gotham FC,Nealy Martin,NEALYMARTIN,DEFENDER,10,9,772,0,77,0,0,0,0,12,15,8,0,2,0,230,297,3,0,14,216,111,0,0,0,0,0,1,100,0,12,75,9,38,,,
Orlando Pride,Brianna Martínez,BRIANNAMARTÍNEZ,DEFENDER,9,5,465,0,69,0,0,0,0,7,9,5,0,1,1,140,203,3,0,16,124,85,0,0,0,0,0,3,43,0,7,70,8,11,,,
Angel City FC,Merritt Mathias,MERRITTMATHIAS,DEFENDER,7,,123,0,72,0,0,0,0,3,0,0,1,0,0,41,57,3,0,0,41,40,0,0,0,0,0,0,0,0,3,60,2,3,,,
North Carolina Courage,Manaka Matsukubo,MANAKAMATSUKUBO,MIDFIELDER,11,7,628,0,80,1,8,2,1,9,7,17,0,0,0,184,229,3,0.14,2,179,96,0,0,0,0,25,9,56,1,9,82,1,17,,,
San Diego Wave FC,Savannah McCaskill,SAVANNAHMCCASKILL,MIDFIELDER,10,9,796,0,74,1,4,2,1,13,8,15,3,3,0,251,340,3,0.11,15,234,168,0,0,0,0,50,2,22,1,13,65,4,14,,,
Seattle Reign,Phoebe McClernon,PHOEBEMCCLERNON,DEFENDER,11,9,808,0,74,1,2,0,1,17,9,8,1,3,0,302,406,3,0.11,16,283,148,0,0,0,0,0,3,75,1,17,71,14,19,,,
Orlando Pride,Haley McCutcheon,HALEYMCCUTCHEON,DEFENDER,11,9,853,0,79,0,2,1,0,15,8,6,0,1,0,271,343,3,0,7,262,118,0,0,0,0,50,9,53,0,15,62,8,21,,,
North Carolina Courage,Maya McCutcheon,MAYAMCCUTCHEON,MIDFIELDER,0,,0,0,0,0,0,0,0,0,0,0,0,0,0,0,0,3,0,0,0,0,0,0,0,0,0,0,0,0,0,0,0,0,,,
Portland Thorns,Mallie McKenzie,MALLIEMCKENZIE,MIDFIELDER,0,,0,0,0,0,0,0,0,0,0,0,0,0,0,0,0,3,0,0,0,0,0,0,0,0,0,0,0,0,0,0,0,0,,,
Washington Spirit,Tara McKeown,TARAMCKEOWN,FORWARD,11,11,990,0,83,1,1,0,1,17,10,5,1,0,0,564,676,3,0.09,46,518,128,0,0,0,0,0,5,71,1,17,65,13,28,,,
NJ/NY Gotham FC,Erin McKinney,ERINMCKINNEY,GOALKEEPER,0,,0,0,0,0,0,0,0,0,0,0,0,0,0,0,0,3,0,0,0,0,0,0,0,0,0,0,0,0,0,0,0,0,0,0,0
San Diego Wave FC,Kristen McNabb,KRISTENMCNABB,DEFENDER,8,7,616,0,80,0,3,0,0,4,6,0,0,0,1,274,343,3,0,14,258,89,0,0,0,0,0,0,0,0,4,100,5,17,,,
Bay FC,Emily Menges,EMILYMENGES,DEFENDER,11,10,934,0,86,1,0,0,1,7,4,3,0,0,0,596,692,3,0.1,30,564,111,0,0,0,0,0,1,50,1,7,50,10,21,,,
Seattle Reign,Maddie Mercado,MADDIEMERCADO,MIDFIELDER,1,,1,0,0,0,0,0,0,0,0,0,0,0,0,0,0,3,0,0,0,0,0,0,0,0,0,0,0,0,0,0,0,0,,,
Utah Royals FC,Addisyn Merrick,ADDISYNMERRICK,DEFENDER,1,,45,0,83,0,0,0,0,3,1,0,0,0,0,5,6,3,0,0,5,2,0,0,0,0,0,0,0,0,3,100,0,0,,,
North Carolina Courage,Landy Mertz,LANDYMERTZ,MIDFIELDER,1,,6,0,100,0,0,0,0,2,0,1,0,0,0,3,3,3,0,0,3,4,0,0,0,0,0,0,0,0,2,100,0,0,,,
San Diego Wave FC,Morgan Messner,MORGANMESSNER,GOALKEEPER,0,,0,0,0,0,0,0,0,0,0,0,0,0,0,0,0,3,0,0,0,0,0,0,0,0,0,0,0,0,0,0,0,0,0,0,0
Washington Spirit,Paige Metayer,PAIGEMETAYER,MIDFIELDER,8,2,198,0,80,0,1,0,0,2,2,0,0,1,0,85,106,3,0,1,84,35,0,0,0,0,0,0,0,0,2,40,4,12,,,
Seattle Reign,Sam Meza,SAMMEZA,MIDFIELDER,0,,0,0,0,0,0,0,0,0,0,0,0,0,0,0,0,3,0,0,0,0,0,0,0,0,0,0,0,0,0,0,0,0,,,
Chicago Red Stars,Tatumn Milazzo,TATUMNMILAZZO,DEFENDER,7,6,487,0,64,0,1,1,0,11,4,2,1,1,0,136,214,3,0,7,129,112,0,0,0,0,100,2,67,0,11,69,6,18,,,
NJ/NY Gotham FC,Cassy Miller,CASSYMILLER,GOALKEEPER,4,4,360,0,77,0,0,0,0,0,0,0,0,0,0,118,153,3,0,32,86,35,0,0,0,0,0,0,0,0,0,0,0,0,12,50,1
Racing Louisville FC,Lauren Milliet,LAURENMILLIET,MIDFIELDER,10,10,899,0,74,2,3,0,2,16,7,24,0,2,0,276,374,3,0.2,10,263,155,0,0,0,0,0,7,47,2,16,73,14,12,,,
North Carolina Courage,Narumi Miura,NARUMIMIURA,MIDFIELDER,11,10,841,0,86,0,3,2,0,18,14,9,0,0,0,364,423,3,0,16,347,92,0,0,0,0,67,6,75,0,18,69,10,9,,,
Utah Royals FC,Paige Monaghan,PAIGEMONAGHAN,FORWARD,10,10,774,0,68,1,10,2,1,12,9,10,4,2,0,137,201,3,0.12,6,122,133,0,0,0,0,20,6,40,1,12,60,8,12,,,
Orlando Pride,Anna Moorhouse,ANNAMOORHOUSE,GOALKEEPER,11,11,990,0,72,0,0,0,0,0,0,2,0,0,0,255,356,3,0,47,208,102,0,0,0,0,0,1,100,0,0,0,0,6,29,33,7
Bay FC,Madeline Moreau,MADELINEMOREAU,DEFENDER,4,1,101,0,78,0,0,0,0,2,3,0,1,0,0,50,64,3,0,1,49,26,0,0,0,0,0,2,40,0,2,100,2,1,,,
San Diego Wave FC,Alex Morgan,ALEXMORGAN,FORWARD,5,4,349,0,63,1,11,6,1,0,7,5,2,0,0,39,62,3,0.26,0,39,36,0,0,0,0,55,0,0,1,0,0,0,11,,,
Washington Spirit,Makenna Morris,MAKENNAMORRIS,FORWARD,1,,25,0,46,0,0,0,0,1,1,0,0,0,0,6,13,3,0,0,6,9,0,0,0,0,0,0,0,0,1,100,0,0,,,
Racing Louisville FC,Linda Motlhalo,LINDAMOTLHALO,MIDFIELDER,1,,3,0,86,0,0,0,0,1,0,0,0,0,0,6,7,3,0,0,6,2,0,0,0,0,0,0,0,0,1,100,0,0,,,
Portland Thorns,Olivia Moultrie,OLIVIAMOULTRIE,MIDFIELDER,11,8,684,3,76,1,12,7,1,10,11,7,3,1,0,203,266,3,0.13,15,188,112,0.39,0,0,0,58,5,31,4,10,59,6,21,,,
Utah Royals FC,Brecken Mozingo,BRECKENMOZINGO,FORWARD,9,2,358,0,64,0,4,3,0,4,1,4,2,0,0,76,118,3,0,4,71,76,0,0,0,0,75,3,25,0,4,80,3,4,,,
Portland Thorns,Marie Müller,MARIEMÜLLER,MIDFIELDER,11,10,884,0,76,1,4,2,1,23,10,2,0,0,0,376,494,3,0.1,23,348,193,0,0,0,0,50,8,42,1,23,70,33,11,,,
North Carolina Courage,Casey Murphy,CASEYMURPHY,GOALKEEPER,11,11,990,0,79,0,0,0,0,0,0,1,0,1,0,248,315,3,0,52,196,68,0,0,0,0,0,0,0,0,0,0,0,5,29,45,7
Angel City FC,Lily Nabet,LILYNABET,MIDFIELDER,6,4,346,0,82,0,1,0,0,3,5,6,0,3,0,113,138,3,0,4,109,40,0,0,0,0,0,3,75,0,3,50,4,7,,,
Chicago Red Stars,Alyssa Naeher,ALYSSANAEHER,GOALKEEPER,9,9,782,0,72,0,0,0,0,0,0,1,0,0,0,179,248,3,0,49,130,69,0,0,0,0,0,0,0,0,0,0,0,1,23,44,4
Houston Dash,Yuki Nagasato,YUKINAGASATO,FORWARD,7,3,214,0,80,0,2,1,0,2,3,4,0,0,0,66,83,3,0,1,65,27,0,0,0,0,50,1,50,0,2,100,3,4,,,
Portland Thorns,Meaghan Nally,MEAGHANNALLY,DEFENDER,0,,0,0,0,0,0,0,0,0,0,0,0,0,0,0,0,3,0,0,0,0,0,0,0,0,0,0,0,0,0,0,0,0,,,
Utah Royals FC,Carly Nelson,CARLYNELSON,GOALKEEPER,1,1,90,0,96,0,0,0,0,0,0,0,0,0,0,65,68,3,0,3,62,4,0,0,0,0,0,0,0,0,0,0,0,0,2,50,2
Chicago Red Stars,Leilanni Nesbeth,LEILANNINESBETH,MIDFIELDER,7,4,414,1,61,0,3,1,0,11,2,3,0,1,0,93,152,3,0,4,89,77,0.22,0,0,0,33,0,0,1,11,65,10,15,,,
Angel City FC,Paige Nielsen,PAIGENIELSEN,DEFENDER,17,17,1530,2,77,0,11,4,0,19,11,4,0,2,0,697,902,3,0,46,649,241,0.12,0,0,0,36,4,80,2,19,56,28,58,,,
NJ/NY Gotham FC,Jenna Nighswonger,JENNANIGHSWONGER,MIDFIELDER,10,9,841,0,71,2,6,3,2,19,6,18,0,2,0,309,434,3,0.21,15,282,234,0,0,0,0,50,3,43,2,19,66,10,7,,,
Utah Royals FC,Agnes Nyberg,AGNESNYBERG,MIDFIELDER,6,5,429,0,69,0,2,0,0,7,12,5,0,2,0,95,137,3,0,6,89,63,0,0,0,0,0,1,50,0,7,54,4,5,,,
NJ/NY Gotham FC,Kelley O'Hara,KELLEYO'HARA,DEFENDER,2,1,80,0,77,0,0,0,0,0,0,1,0,0,0,27,35,3,0,2,25,13,0,0,0,0,0,0,0,0,0,0,1,3,,,
North Carolina Courage,Denise O'Sullivan,DENISEO'SULLIVAN,MIDFIELDER,9,9,778,0,87,0,1,0,0,14,10,19,2,1,0,418,481,3,0,6,412,116,0,0,0,0,0,8,53,0,14,47,19,22,,,
Portland Thorns,Isabella Obaze,ISABELLAOBAZE,DEFENDER,6,5,447,0,92,2,1,0,2,3,4,0,0,1,0,230,251,3,0.4,8,222,24,0,0,0,0,0,0,0,2,3,33,7,11,,,
Utah Royals FC,Ifeoma Onumonu,IFEOMAONUMONU,FORWARD,3,,70,0,59,0,1,1,0,1,0,0,0,0,0,13,22,3,0,1,12,15,0,0,0,0,100,0,0,0,1,50,1,5,,,
Houston Dash,Diana Ordóñez,DIANAORDÓÑEZ,FORWARD,11,10,880,4,64,0,17,10,0,5,16,6,0,1,0,136,211,3,0,4,131,137,0.41,0,1,0,59,9,64,4,5,56,2,44,,,
Bay FC,Asisat Oshoala,ASISATOSHOALA,FORWARD,10,9,755,2,64,1,13,3,1,7,12,7,3,1,0,106,165,3,0.12,3,103,126,0.24,0,0,0,23,3,23,3,7,54,2,26,,,
Houston Dash,Avery Patterson,AVERYPATTERSON,FORWARD,11,9,828,0,73,1,4,1,1,13,8,16,2,1,0,203,277,3,0.11,13,189,176,0,0,0,0,25,10,42,1,13,54,9,28,,,
Portland Thorns,Nicole Payne,NICOLEPAYNE,DEFENDER,5,3,306,0,78,0,1,0,0,6,1,4,0,0,0,91,116,3,0,1,88,56,0,0,0,0,0,2,33,0,6,67,3,1,,,
Seattle Reign,Maia Pérez,MAIAPÉREZ,GOALKEEPER,0,,0,0,0,0,0,0,0,0,0,0,0,0,0,0,0,3,0,0,0,0,0,0,0,0,0,0,0,0,0,0,0,0,0,0,0
Houston Dash,Courtney Petersen,COURTNEYPETERSEN,DEFENDER,10,8,789,0,77,0,0,0,0,5,2,2,0,1,0,309,403,3,0,17,290,132,0,0,0,0,0,4,80,0,5,50,11,8,,,
Kansas City Current,Alex Pfeiffer,ALEXPFEIFFER,FORWARD,7,,101,1,63,0,1,1,0,1,2,1,0,0,0,26,41,3,0,1,25,27,0.89,0,0,0,100,3,43,1,1,33,0,0,,,
Angel City FC,Casey Phair,CASEYPHAIR,FORWARD,0,,0,0,0,0,0,0,0,0,0,0,0,0,0,0,0,3,0,0,0,0,0,0,0,0,0,0,0,0,0,0,0,0,,,
Bay FC,Kiki Pickett,KIKIPICKETT,DEFENDER,5,3,299,0,81,1,1,0,1,1,4,3,0,0,0,99,122,3,0.3,7,92,34,0,0,0,0,0,2,100,1,1,20,3,7,,,
Racing Louisville FC,Carson Pickett,CARSONPICKETT,DEFENDER,10,10,900,0,77,1,3,1,1,8,4,1,0,0,0,349,456,3,0.1,28,313,170,0,0,0,0,33,3,60,1,8,62,13,7,,,
North Carolina Courage,Victoria Pickett,VICTORIAPICKETT,MIDFIELDER,10,2,258,0,80,1,1,0,1,6,3,9,6,1,0,57,71,3,0.35,0,56,38,0,0,0,0,0,1,12,1,6,75,4,4,,,
Racing Louisville FC,Elli Pikkujämsä,ELLIPIKKUJÄMSÄ,DEFENDER,3,3,252,0,85,0,1,0,0,2,1,0,0,0,0,110,129,3,0,15,94,24,0,0,0,0,0,0,0,0,2,50,5,2,,,
North Carolina Courage,Brianna Pinto,BRIANNAPINTO,MIDFIELDER,11,5,450,1,77,1,7,3,1,2,10,7,1,0,0,112,145,3,0.2,5,107,60,0.2,0,0,0,43,5,62,2,2,67,3,12,,,
Utah Royals FC,Madison Pogarch,MADISONPOGARCH,DEFENDER,10,10,870,0,70,0,0,0,0,8,10,23,0,2,0,278,398,3,0,16,261,190,0,0,0,0,0,11,48,0,8,67,11,10,,,
Racing Louisville FC,Madalyn Pokorny,MADALYNPOKORNY,MIDFIELDER,4,,8,0,33,0,0,0,0,0,1,0,0,0,0,3,9,3,0,0,3,9,0,0,0,0,0,0,0,0,0,0,0,0,,,
Kansas City Current,Nichelle Prince,NICHELLEPRINCE,FORWARD,2,,63,0,71,0,3,1,0,1,0,0,2,0,0,10,14,3,0,0,10,7,0,0,0,0,33,0,0,0,1,33,2,1,,,
Bay FC,Lysianne Proulx,LYSIANNEPROULX,GOALKEEPER,6,6,540,0,87,0,0,0,0,0,0,1,0,0,0,199,230,3,0,23,176,32,0,0,0,0,0,1,100,0,0,0,0,2,26,43,9
Houston Dash,Sarah Puntigam,SARAHPUNTIGAM,MIDFIELDER,9,9,766,0,79,1,5,0,1,9,12,9,0,3,0,347,440,3,0.12,32,314,112,0,0,0,0,0,1,50,1,9,56,5,17,,,
NJ/NY Gotham FC,Midge Purce,MIDGEPURCE,FORWARD,1,1,45,0,67,0,1,1,0,0,1,1,0,1,0,10,15,3,0,0,10,10,0,0,0,0,100,3,75,0,0,0,1,2,,,
Seattle Reign, Quinn,QUINN,MIDFIELDER,5,3,248,0,80,0,1,0,0,5,4,6,0,0,0,136,171,3,0,5,131,44,0,0,0,0,0,2,67,0,5,62,1,6,,,
Orlando Pride, Rafaelle,RAFAELLE,DEFENDER,7,6,556,0,88,0,3,1,0,2,3,0,0,1,0,258,292,3,0,27,231,42,0,0,0,0,33,1,50,0,2,22,8,20,,,
Chicago Red Stars,Maximiliane Rall,MAXIMILIANERALL,DEFENDER,9,9,801,1,69,0,5,2,0,15,6,4,0,0,0,226,329,3,0,15,210,160,0.11,0,0,0,40,3,30,1,15,62,9,27,,,
Washington Spirit,Brittany Ratcliffe,BRITTANYRATCLIFFE,FORWARD,11,2,261,3,79,0,4,3,0,4,0,4,1,0,0,55,70,3,0,2,52,38,1.03,0,0,0,75,5,38,3,4,57,2,5,,,
North Carolina Courage,Feli Rauch,FELIRAUCH,DEFENDER,11,11,952,0,82,0,5,2,0,14,17,9,0,1,0,477,584,3,0,10,464,178,0,0,0,0,40,2,33,0,14,58,10,21,,,
Angel City FC,Megan Reid,MEGANREID,DEFENDER,7,7,630,0,87,0,2,1,0,6,3,3,0,2,0,330,378,3,0,16,314,58,0,0,0,0,50,0,0,0,6,100,4,22,,,
Portland Thorns,Reyna Reyes,REYNAREYES,DEFENDER,11,8,651,0,79,0,1,1,0,15,10,12,0,2,0,307,387,3,0,10,295,131,0,0,0,0,100,5,56,0,15,65,14,15,,,
Washington Spirit,Chloe Ricketts,CHLOERICKETTS,MIDFIELDER,4,,18,0,71,0,0,0,0,2,1,1,0,0,0,12,17,3,0,0,12,12,0,0,0,0,0,1,25,0,2,67,0,1,,,
Utah Royals FC,Kaleigh Riehl,KALEIGHRIEHL,DEFENDER,4,4,360,0,89,1,0,0,1,2,1,1,0,0,0,220,248,3,0.25,13,207,35,0,0,0,0,0,0,0,1,2,50,3,6,,,
Angel City FC,Ali Riley,ALIRILEY,DEFENDER,5,3,262,0,71,0,0,0,0,2,2,3,0,0,0,66,93,3,0,1,65,42,0,0,0,0,0,0,0,0,2,100,4,3,,,
Kansas City Current,Gabrielle Robinson,GABRIELLEROBINSON,DEFENDER,10,10,900,1,85,0,4,3,0,16,9,9,0,2,0,431,508,3,0,28,403,87,0.1,0,0,0,75,3,75,1,16,80,15,32,,,
Chicago Red Stars,Cari Roccaro,CARIROCCARO,MIDFIELDER,11,11,981,0,78,0,3,1,0,9,10,8,0,2,0,264,339,3,0,17,247,90,0,0,0,0,33,5,71,0,9,69,9,11,,,
Washington Spirit,Trinity Rodman,TRINITYRODMAN,FORWARD,10,10,846,3,64,4,22,15,4,19,11,25,4,3,0,162,254,3,0.43,4,151,191,0.32,0,0,0,68,26,51,7,19,70,13,22,,,
Kansas City Current,Izzy Rodriguez,IZZYRODRIGUEZ,DEFENDER,8,8,681,1,68,1,7,2,1,11,6,7,0,1,0,281,412,3,0.13,25,252,189,0.13,0,0,0,29,3,60,2,11,73,19,16,,,
Angel City FC,Rocky Rodríguez Cedeño,ROCKYRODRÍGUEZ CEDEÑO,MIDFIELDER,8,7,629,0,77,0,4,2,0,10,17,12,0,2,0,268,346,3,0,11,257,105,0,0,0,0,50,5,45,0,10,53,10,14,,,
Utah Royals FC,Cristina Roque,CRISTINAROQUE,GOALKEEPER,0,,0,0,0,0,0,0,0,0,0,0,0,0,0,0,0,3,0,0,0,0,0,0,0,0,0,0,0,0,0,0,0,0,0,0,0
Bay FC,Katelyn Rowland,KATELYNROWLAND,GOALKEEPER,5,5,450,0,81,0,0,0,0,0,0,0,0,0,0,145,180,3,0,7,138,37,0,0,0,0,0,0,0,0,0,0,0,3,16,18,6
Houston Dash,Elin Rubensson,ELINRUBENSSON,MIDFIELDER,7,6,494,0,80,0,4,2,0,14,10,5,0,2,0,146,182,3,0,7,139,59,0,0,0,0,50,5,62,0,14,74,9,5,,,
NJ/NY Gotham FC,Yazmeen Ryan,YAZMEENRYAN,MIDFIELDER,10,8,709,0,71,2,11,5,2,13,15,10,0,1,0,195,275,3,0.25,8,187,175,0,0,0,0,45,11,41,2,13,87,5,20,,,
Orlando Pride,Emily Sams,EMILYSAMS,DEFENDER,10,10,900,1,88,1,1,1,1,8,10,12,0,1,0,441,502,3,0.1,31,409,81,0.1,0,0,0,100,2,40,2,8,35,10,12,,,
North Carolina Courage,Ashley Sanchez,ASHLEYSANCHEZ,FORWARD,11,11,943,1,81,3,21,12,3,7,4,11,2,0,0,295,365,3,0.29,15,274,178,0.1,0,0,0,57,20,53,4,7,58,6,7,,,
Houston Dash,María Sánchez,MARÍASÁNCHEZ,FORWARD,20,14,1352,0,69,2,20,6,2,14,4,26,0,0,0,316,458,3,0.13,16,290,368,0,0,0,0,30,14,25,2,14,70,38,36,,,
Washington Spirit,Ouleymata Sarr,OULEYMATASARR,FORWARD,11,11,772,6,67,2,25,15,2,6,10,12,7,0,0,134,200,3,0.23,4,127,133,0.7,0,0,0,60,5,62,8,6,67,2,33,,,
Portland Thorns,Becky Sauerbrunn,BECKYSAUERBRUNN,DEFENDER,10,10,872,0,91,0,2,0,0,6,3,4,0,0,0,563,621,3,0,19,544,63,0,0,0,0,0,0,0,0,6,86,12,12,,,
Chicago Red Stars,Allison Schlegel,ALLISONSCHLEGEL,FORWARD,11,10,753,4,65,0,11,6,0,9,10,6,0,0,0,135,209,3,0,4,130,106,0.48,0,0,0,55,4,67,4,9,56,5,88,,,
Houston Dash,Sophie Schmidt,SOPHIESCHMIDT,MIDFIELDER,10,10,840,0,83,0,3,2,0,24,11,11,1,2,0,353,424,3,0,31,322,92,0,0,0,0,67,1,33,0,24,67,19,23,,,
Chicago Red Stars,Sydney Schneider,SYDNEYSCHNEIDER,GOALKEEPER,0,,0,0,0,0,0,0,0,0,0,0,0,0,0,0,0,3,0,0,0,0,0,0,0,0,0,0,0,0,0,0,0,0,0,0,0
Kansas City Current,Desiree Scott,DESIREESCOTT,MIDFIELDER,1,,1,0,50,0,0,0,0,0,0,0,0,0,0,1,2,3,0,0,1,1,0,0,0,0,0,0,0,0,0,0,0,0,,,
Racing Louisville FC,Emma Sears,EMMASEARS,FORWARD,10,4,540,3,60,0,16,10,0,8,11,1,4,1,0,81,136,3,0,3,71,141,0.5,0,0,0,62,19,40,3,8,57,7,18,,,
Racing Louisville FC,Olivia Sekany,OLIVIASEKANY,GOALKEEPER,0,,0,0,0,0,0,0,0,0,0,0,0,0,0,0,0,3,0,0,0,0,0,0,0,0,0,0,0,0,0,0,0,0,0,0,0
Utah Royals FC,Ally Sentnor,ALLYSENTNOR,FORWARD,10,10,890,2,76,2,21,12,2,8,13,15,4,2,0,190,250,3,0.2,17,169,166,0.2,0,0,0,57,18,39,4,8,42,5,6,,,
Bay FC,Kayla Sharples,KAYLASHARPLES,DEFENDER,10,9,815,2,86,0,7,3,0,9,3,3,0,2,0,413,483,3,0,27,386,84,0.22,0,0,0,43,0,0,2,9,69,11,26,,,
San Diego Wave FC,Jaedyn Shaw,JAEDYNSHAW,FORWARD,9,6,537,2,69,1,10,6,1,7,4,14,1,0,0,111,160,3,0.17,4,105,96,0.34,1,1,100,60,5,31,3,7,88,2,29,,,
NJ/NY Gotham FC,Delanie Sheehan,DELANIESHEEHAN,MIDFIELDER,10,10,839,0,76,0,7,1,0,8,16,7,0,2,0,305,399,3,0,9,294,178,0,0,0,0,14,12,48,0,8,53,8,14,,,
Bay FC,Jamie Shepherd,JAMIESHEPHERD,MIDFIELDER,2,2,156,0,88,0,0,0,0,0,2,3,0,0,0,51,58,3,0,5,46,9,0,0,0,0,0,0,0,0,0,0,0,7,,,
San Diego Wave FC,Kailen Sheridan,KAILENSHERIDAN,GOALKEEPER,10,10,900,0,80,0,0,0,0,0,0,0,0,0,0,366,456,3,0,73,293,92,0,0,0,0,0,0,0,0,0,0,0,2,31,47,1
Portland Thorns,Marissa  Sheva,MARISSASHEVA,MIDFIELDER,3,,16,0,90,1,1,1,1,0,2,0,0,0,0,9,10,3,5.62,0,9,4,0,0,0,0,100,0,0,1,0,0,1,0,,,
Washington Spirit,Lena Silano,LENASILANO,FORWARD,5,,42,1,47,0,1,1,0,0,4,0,2,0,0,7,15,3,0,1,6,12,2.14,0,0,0,100,1,100,1,0,0,0,3,,,
Kansas City Current,Jordan Silkowitz,JORDANSILKOWITZ,GOALKEEPER,0,,0,0,0,0,0,0,0,0,0,0,0,0,0,0,0,3,0,0,0,0,0,0,0,0,0,0,0,0,0,0,0,0,0,0,0
Portland Thorns,Christine Sinclair,CHRISTINESINCLAIR,FORWARD,10,6,422,2,69,1,9,6,1,3,4,2,2,1,0,124,179,3,0.21,3,120,72,0.43,0,0,0,67,3,60,3,3,50,2,28,,,
Portland Thorns,Sophia Smith,SOPHIASMITH,FORWARD,10,10,880,8,73,6,33,21,6,7,12,18,5,1,0,132,180,3,0.61,6,124,190,0.82,1,1,100,64,21,44,14,7,58,2,2,,,
Seattle Reign,Ji So-Yun,JISO-YUN,MIDFIELDER,11,10,895,1,83,3,15,8,3,10,11,9,1,1,0,412,497,3,0.3,16,394,165,0.1,0,0,0,53,15,56,4,10,62,3,32,,,
Houston Dash,Havana Solaun,HAVANASOLAUN,MIDFIELDER,3,1,118,1,78,0,1,1,0,1,2,1,0,1,0,50,64,3,0,1,49,18,0.76,0,0,0,100,3,60,1,1,33,0,3,,,
NJ/NY Gotham FC,Emily Sonnett,EMILYSONNETT,DEFENDER,10,10,860,0,85,0,2,0,0,7,11,7,0,3,0,376,441,3,0,16,360,84,0,0,0,0,0,4,67,0,7,78,8,18,,,
Houston Dash,Croix Soto,CROIXSOTO,DEFENDER,1,,27,0,80,0,0,0,0,1,0,0,0,0,0,4,5,3,0,0,4,2,0,0,0,0,0,0,0,0,1,33,0,0,,,
Kansas City Current,Alexa Spaanstra,ALEXASPAANSTRA,FORWARD,9,8,573,1,69,1,10,7,1,4,3,5,0,0,0,117,170,3,0.16,4,111,98,0.16,0,0,0,70,2,11,2,4,44,2,7,,,
North Carolina Courage,Meredith Speck,MEREDITHSPECK,MIDFIELDER,2,,7,0,100,0,0,0,0,0,0,0,0,0,0,1,1,3,0,0,1,0,0,0,0,0,0,0,0,0,0,0,0,0,,,
Angel City FC,Jasmyne Spencer,JASMYNESPENCER,FORWARD,9,6,598,0,82,0,4,4,0,14,10,12,1,2,0,148,180,3,0,5,143,97,0,0,0,0,100,10,33,0,14,64,11,8,,,
North Carolina Courage,Bianca St-Georges,BIANCAST-GEORGES,FORWARD,11,3,352,2,70,0,3,2,0,9,14,4,0,2,0,86,123,3,0,0,82,93,0.51,0,0,0,67,2,17,2,9,75,2,12,,,
Chicago Red Stars,Sam Staab,SAMSTAAB,DEFENDER,11,11,990,0,74,2,5,3,2,4,8,1,1,2,0,365,491,3,0.18,42,321,228,0,0,0,0,60,8,80,2,4,44,9,29,,,
Washington Spirit,Heather Stainbrook,HEATHERSTAINBROOK,MIDFIELDER,1,,4,0,40,0,0,0,0,0,0,0,0,0,0,2,5,3,0,0,2,4,0,0,0,0,0,0,0,0,0,0,0,1,,,
Angel City FC,Hannah Stambaugh,HANNAHSTAMBAUGH,GOALKEEPER,0,,0,0,0,0,0,0,0,0,0,0,0,0,0,0,0,3,0,0,0,0,0,0,0,0,0,0,0,0,0,0,0,0,0,0,0
Seattle Reign,Nikki Stanton,NIKKISTANTON,MIDFIELDER,4,,82,0,76,0,0,0,0,1,1,1,0,0,0,28,37,3,0,2,26,14,0,0,0,0,0,0,0,0,1,25,2,5,,,
Kansas City Current,Regan Steigleder,REGANSTEIGLEDER,MIDFIELDER,3,1,71,0,87,0,0,0,0,0,0,0,0,0,0,34,39,3,0,2,31,10,0,0,0,0,0,1,100,0,0,0,2,1,,,
NJ/NY Gotham FC,Katie Stengel,KATIESTENGEL,FORWARD,6,2,283,0,70,0,9,3,0,5,2,2,2,0,0,64,91,3,0,1,63,61,0,0,0,0,33,4,33,0,5,100,1,24,,,
NJ/NY Gotham FC,Ella Stevens,ELLASTEVENS,FORWARD,8,4,340,4,73,1,11,6,1,7,8,5,1,0,0,63,86,3,0.26,0,62,55,1.06,0,0,0,55,7,50,5,7,64,2,17,,,
Orlando Pride,Kylie Strom,KYLIESTROM,DEFENDER,10,10,872,0,85,0,3,0,0,5,7,8,1,1,1,512,603,3,0,21,491,113,0,0,0,0,0,6,67,0,5,50,14,20,,,
Portland Thorns,Hina Sugita,HINASUGITA,MIDFIELDER,11,8,786,1,84,3,3,1,3,18,11,19,1,2,0,333,395,3,0.34,11,322,96,0.11,0,0,0,33,2,20,4,18,60,19,19,,,
Washington Spirit,Andi Sullivan,ANDISULLIVAN,MIDFIELDER,11,11,899,2,82,0,4,2,0,15,13,9,0,2,0,350,429,3,0,21,326,120,0.2,2,2,100,50,6,60,2,15,60,14,26,,,
Chicago Red Stars,Mallory Swanson,MALLORYSWANSON,FORWARD,10,10,884,3,73,2,18,15,2,10,13,18,9,0,0,140,191,3,0.2,5,131,138,0.31,1,2,50,83,15,52,5,10,83,2,12,,,
Utah Royals FC,Frankie Tagliaferri,FRANKIETAGLIAFERRI,MIDFIELDER,5,3,210,0,77,0,1,0,0,3,2,0,0,0,0,51,66,3,0,1,50,26,0,0,0,0,0,2,50,0,3,75,2,3,,,
Washington Spirit,Riley Tanner,RILEYTANNER,FORWARD,0,,0,0,0,0,0,0,0,0,0,0,0,0,0,0,0,3,0,0,0,0,0,0,0,0,0,0,0,0,0,0,0,0,,,
Angel City FC,Gisele Thompson,GISELETHOMPSON,DEFENDER,5,2,177,0,90,0,1,1,0,4,2,3,0,1,0,91,101,3,0,0,91,23,0,0,0,0,100,2,50,0,4,57,3,2,,,
Angel City FC,Alyssa Thompson,ALYSSATHOMPSON,FORWARD,10,10,878,0,76,3,11,3,3,9,11,11,2,1,0,177,233,3,0.31,3,171,142,0,0,0,0,27,16,39,3,9,90,3,7,,,
San Diego Wave FC,Kaitlyn Torpey,KAITLYNTORPEY,DEFENDER,6,1,209,0,70,0,2,1,0,9,1,1,0,0,0,87,125,3,0,4,82,55,0,0,0,0,50,2,50,0,9,69,2,4,,,
NJ/NY Gotham FC,Taryn Torres,TARYNTORRES,MIDFIELDER,5,,27,0,62,0,0,0,0,1,1,1,0,1,0,5,8,3,0,1,4,9,0,0,0,0,0,1,100,0,1,100,0,1,,,
Utah Royals FC,Cameron Tucker,CAMERONTUCKER,FORWARD,8,1,188,1,71,0,4,2,0,0,2,1,3,0,0,24,34,3,0,1,23,31,0.48,0,0,0,50,6,55,1,0,0,1,5,,,
Racing Louisville FC,Reilyn Turner,REILYNTURNER,FORWARD,10,4,440,2,63,2,14,11,2,1,3,7,3,0,0,55,87,3,0.41,3,51,75,0.41,0,0,0,79,2,22,4,1,50,2,22,,,
Seattle Reign,Olivia Van der Jagt,OLIVIAVAN DER JAGT,MIDFIELDER,11,7,636,0,73,0,3,0,0,10,7,6,0,1,0,187,257,3,0,3,184,81,0,0,0,0,0,4,100,0,10,62,9,31,,,
San Diego Wave FC,Emily van Egmond,EMILYVAN EGMOND,MIDFIELDER,10,6,677,1,75,0,6,3,0,8,9,2,0,1,0,258,346,3,0,10,246,117,0.13,0,0,0,50,7,64,1,8,62,5,21,,,
Houston Dash,Kiki van Zanten,KIKIVAN ZANTEN,FORWARD,4,1,107,0,76,0,0,0,0,1,1,2,0,1,0,32,42,3,0,1,31,30,0,0,0,0,0,6,55,0,1,33,0,1,,,
Utah Royals FC,Michele Vasconcelos,MICHELEVASCONCELOS,MIDFIELDER,5,,73,0,86,1,1,0,1,1,1,1,0,0,0,36,42,3,1.23,0,36,13,0,0,0,0,0,3,100,1,1,100,1,0,,,
Angel City FC,Mary Vignola,MARYVIGNOLA,DEFENDER,4,2,172,0,86,0,2,1,0,1,3,0,1,0,0,49,57,3,0,1,47,35,0,0,0,0,50,6,60,0,1,100,1,3,,,
Portland Thorns,Olivia Wade-Katoa,OLIVIAWADE-KATOA,MIDFIELDER,2,,16,0,56,0,0,0,0,1,1,1,0,0,0,5,9,3,0,1,4,8,0,0,0,0,0,0,0,0,1,100,0,0,,,
Orlando Pride,Ally Watt,ALLYWATT,FORWARD,10,6,510,1,68,1,13,8,1,5,6,5,10,0,0,60,88,3,0.18,5,52,64,0.18,0,0,0,62,1,25,2,5,56,3,11,,,
North Carolina Courage,Dani Weatherholt,DANIWEATHERHOLT,MIDFIELDER,9,2,277,1,77,0,1,1,0,13,3,2,0,0,0,130,169,3,0,3,127,56,0.32,0,0,0,100,3,50,1,13,81,4,17,,,
Portland Thorns,Morgan Weaver,MORGANWEAVER,MIDFIELDER,7,6,532,1,64,0,14,7,0,7,5,3,0,0,0,107,168,3,0,8,96,106,0.17,0,0,0,50,6,67,1,7,78,0,16,,,
Seattle Reign,McKenzie Weinert,MCKENZIEWEINERT,FORWARD,4,,25,0,67,0,1,1,0,1,2,0,1,0,0,8,12,3,0,0,8,8,0,0,0,0,100,0,0,0,1,100,1,6,,,
San Diego Wave FC,Kennedy Wesley,KENNEDYWESLEY,DEFENDER,7,6,572,0,83,0,2,0,0,8,4,11,0,1,0,332,402,3,0,25,307,83,0,0,0,0,0,0,0,0,8,73,8,16,,,
Houston Dash,Amanda West,AMANDAWEST,FORWARD,10,6,605,1,73,1,8,5,1,7,2,6,3,0,0,91,124,3,0.15,2,88,93,0.15,0,0,0,62,9,39,2,7,64,2,9,,,
San Diego Wave FC,Christen Westphal,CHRISTENWESTPHAL,DEFENDER,5,5,368,0,73,0,0,0,0,3,2,1,0,1,0,120,165,3,0,6,111,84,0,0,0,0,0,4,57,0,3,60,3,4,,,
Kansas City Current,Ellis Wheeler,ELLISWHEELER,DEFENDER,8,6,549,1,64,0,3,2,0,6,4,5,0,1,0,96,150,3,0,3,90,96,0.16,0,0,0,67,8,89,1,6,50,9,20,,,
Washington Spirit,Kate Wiesner,KATEWIESNER,DEFENDER,8,4,343,0,74,0,1,1,0,9,3,6,1,1,0,110,149,3,0,10,98,61,0,0,0,0,100,4,80,0,9,69,3,7,,,
NJ/NY Gotham FC,Lynn Williams,LYNNWILLIAMS,FORWARD,7,6,511,3,74,0,17,9,0,14,7,2,2,1,0,120,162,3,0,4,113,109,0.53,0,0,0,53,7,50,3,14,74,4,33,,,
North Carolina Courage,Ryan Williams,RYANWILLIAMS,DEFENDER,11,11,990,0,86,0,0,0,0,18,4,3,2,0,0,640,744,3,0,21,612,197,0,0,0,0,0,10,43,0,18,72,25,21,,,
North Carolina Courage,Jenna Winebrenner,JENNAWINEBRENNER,DEFENDER,0,,0,0,0,0,0,0,0,0,0,0,0,0,0,0,0,3,0,0,0,0,0,0,0,0,0,0,0,0,0,0,0,0,,,
Chicago Red Stars,Mackenzie Wood,MACKENZIEWOOD,GOALKEEPER,3,2,208,0,68,0,0,0,0,0,0,0,0,0,0,49,72,3,0,21,28,23,0,0,0,0,0,0,0,0,0,0,0,1,8,49,2
Seattle Reign,Lily Woodham,LILYWOODHAM,DEFENDER,7,5,359,0,76,0,0,0,0,7,4,2,0,0,0,128,169,3,0,3,121,88,0,0,0,0,0,5,71,0,7,70,3,7,,,
Racing Louisville FC,Arin Wright,ARINWRIGHT,DEFENDER,8,7,631,0,89,0,0,0,0,3,3,1,0,1,0,311,350,3,0,20,291,48,0,0,0,0,0,1,50,0,3,75,13,10,,,
Orlando Pride,Summer Yates,SUMMERYATES,FORWARD,10,7,524,3,78,0,11,6,0,7,8,16,0,0,0,98,125,3,0,9,84,102,0.52,1,1,100,55,12,46,3,7,47,1,7,,,
Kansas City Current,Bia Zaneratto,BIAZANERATTO,FORWARD,6,6,436,4,78,3,15,6,3,9,3,10,1,0,0,117,150,3,0.62,1,112,78,0.83,0,0,0,40,10,59,7,9,64,2,17,,,
,null null,NULL NULL,,1,1,90,0,56,0,0,0,0,1,1,3,0,0,0,14,25,3,0,3,11,12,0,0,0,0,0,0,0,0,1,100,3,3,,,
